MarkerName,Allele1,Allele2,Freq1,FreqSE,MinFreq,MaxFreq,Effect,StdErr,P-value,Direction,HetISq,HetChiSq,HetDf,HetPVal
rs7582179,a,g,0.1699,0.0120,0.1561,0.1839,-0.0389,0.0067,6.806e-09,-?-?---,59.7,9.923,4,0.04174
rs968567,t,c,0.1580,0.0208,0.1251,0.1969,0.0348,0.0062,1.77e-08,+++++++,37.9,9.659,6,0.1398
rs7700133,t,c,0.3058,0.0191,0.2541,0.3280,0.0282,0.0048,6.148e-09,+++++++,48.8,11.708,6,0.0688
rs2270401,a,t,0.6333,0.0243,0.6029,0.6725,0.0268,0.0046,5.265e-09,+++++++,0.0,4.468,6,0.6137
rs2227321,c,g,0.3669,0.0240,0.3275,0.3969,-0.0266,0.0046,6.131e-09,-------,0.0,4.190,6,0.651
rs2305481,a,g,0.3671,0.0233,0.3198,0.3953,-0.0262,0.0046,1.656e-08,-------,0.0,4.115,6,0.6611
rs2227319,a,g,0.3672,0.0239,0.3275,0.3969,-0.0267,0.0046,5.317e-09,-------,0.0,4.344,6,0.6302
rs2302777,a,g,0.6328,0.0255,0.5998,0.6734,0.0268,0.0046,5.625e-09,+++++++,0.0,4.560,6,0.6014
rs12309,t,c,0.3668,0.0242,0.3275,0.3970,-0.0268,0.0046,5.621e-09,-------,0.0,4.447,6,0.6164
rs2046813,t,c,0.6923,0.0187,0.6749,0.7473,-0.0270,0.0049,3.241e-08,-+-----,52.2,12.558,6,0.05061
rs9916158,t,g,0.3695,0.0266,0.3172,0.3995,-0.0270,0.0049,4.088e-08,-?-----,0.0,3.628,5,0.604
rs12453334,t,c,0.3610,0.0273,0.3001,0.3909,-0.0263,0.0046,1.131e-08,-------,0.0,3.980,6,0.6794
rs25645,a,g,0.3556,0.0211,0.3183,0.3817,-0.0267,0.0047,1.038e-08,-------,0.0,3.209,6,0.7822
rs4862432,a,g,0.6915,0.0186,0.6715,0.7410,-0.0261,0.0048,4.748e-08,-+-----,50.4,12.093,6,0.05993
rs8077456,c,g,0.3455,0.0200,0.3051,0.3658,-0.0274,0.0048,9.637e-09,-------,0.0,1.930,6,0.926
