MarkerName,Allele1,Allele2,Freq1,FreqSE,MinFreq,MaxFreq,Effect,StdErr,P-value,Direction,HetISq,HetChiSq,HetDf,HetPVal
rs174550,t,c,0.6792,0.0204,0.6453,0.6978,0.0339,0.0050,8.06e-12,+++++++,40.6,10.104,6,0.1203
rs174536,a,c,0.6787,0.0212,0.6454,0.7009,0.0373,0.0050,6.49e-14,+++++++,61.3,15.511,6,0.01663
rs4246215,t,g,0.3404,0.0230,0.3176,0.3799,-0.0354,0.0050,1.413e-12,-------,60.4,15.153,6,0.0191
rs174535,t,c,0.6784,0.0215,0.6447,0.7009,0.0376,0.0050,4.555e-14,+++++++,61.7,15.674,6,0.01562
rs174577,a,c,0.3238,0.0215,0.3042,0.3602,-0.0353,0.0050,1.118e-12,-------,58.1,14.308,6,0.02638
rs174574,a,c,0.3225,0.0219,0.3028,0.3621,-0.0357,0.0050,6.21e-13,-------,58.7,14.531,6,0.02423
rs102275,t,c,0.6774,0.0231,0.6403,0.7009,0.0376,0.0050,3.643e-14,+++++++,62.0,15.804,6,0.01484
rs174538,a,g,0.2902,0.0242,0.2630,0.3261,-0.0353,0.0051,5.357e-12,-------,47.0,11.313,6,0.07917
rs174541,t,c,0.6561,0.0190,0.6201,0.6727,0.0368,0.0050,1.838e-13,+++++++,56.0,13.647,6,0.03384
rs174583,t,c,0.3271,0.0171,0.3112,0.3602,-0.0350,0.0056,5.049e-10,-?-?---,74.4,15.622,4,0.003571
rs174537,t,g,0.3209,0.0209,0.2991,0.3537,-0.0360,0.0050,5.263e-13,-------,52.4,12.596,6,0.04992
rs174556,t,c,0.2858,0.0218,0.2629,0.3210,-0.0351,0.0051,6.927e-12,-------,53.1,12.783,6,0.04662
rs174578,a,t,0.3253,0.0200,0.3052,0.3602,-0.0358,0.0050,5.054e-13,-------,57.2,14.004,6,0.02959
rs1535,a,g,0.6799,0.0207,0.6446,0.6977,0.0347,0.0050,2.591e-12,+++++++,53.0,12.776,6,0.04673
rs174546,t,c,0.3205,0.0208,0.3018,0.3584,-0.0363,0.0049,2.112e-13,-------,58.7,14.543,6,0.02413
rs174548,c,g,0.7112,0.0235,0.6690,0.7363,0.0346,0.0051,1.172e-11,+++++++,53.6,12.929,6,0.04417
rs174576,a,c,0.3230,0.0202,0.3048,0.3602,-0.0354,0.0050,1.045e-12,-------,49.2,11.822,6,0.06605
rs174555,t,c,0.7127,0.0241,0.6703,0.7371,0.0345,0.0051,1.475e-11,+++++++,50.4,12.105,6,0.05966
rs174601,t,c,0.3372,0.0165,0.3157,0.3728,-0.0355,0.0053,1.327e-11,-------,51.5,12.381,6,0.054
rs174528,t,c,0.6377,0.0197,0.6095,0.6590,0.0364,0.0049,8.75e-14,+++++++,36.9,9.509,6,0.1469
rs174534,a,g,0.6779,0.0225,0.6388,0.7207,0.0349,0.0050,3.206e-12,+++++++,0.0,5.568,6,0.4733
rs174545,c,g,0.6790,0.0205,0.6454,0.6985,0.0365,0.0050,1.805e-13,+++++++,60.1,15.037,6,0.01997
rs174547,t,c,0.6803,0.0216,0.6453,0.7012,0.0358,0.0049,3.858e-13,+++++++,61.5,15.583,6,0.01618
rs174549,a,g,0.2872,0.0245,0.2637,0.3310,-0.0344,0.0051,1.641e-11,-------,53.1,12.781,6,0.04664
rs108499,t,c,0.3302,0.0162,0.3121,0.3571,-0.0347,0.0050,3.743e-12,-------,6.0,6.381,6,0.3819
