MarkerName,Allele1,Allele2,Freq1,FreqSE,MinFreq,MaxFreq,Effect,StdErr,P-value,Direction,HetISq,HetChiSq,HetDf,HetPVal
rs3764261,a,c,0.3367,0.0215,0.3125,0.3811,0.0404,0.0059,8.371e-12,+++++++,0.0,5.957,6,0.428
rs247616,t,c,0.3370,0.0280,0.2857,0.3813,0.0400,0.0060,2.362e-11,+++++++,0.0,5.969,6,0.4267
rs7205804,a,g,0.4534,0.0153,0.4279,0.4733,0.0330,0.0056,3.476e-09,+++++++,50.8,12.191,6,0.05785
rs173539,t,c,0.3273,0.0109,0.3123,0.3514,0.0404,0.0071,1.545e-08,+?+?+++,30.3,5.741,4,0.2193
rs1532624,a,c,0.4557,0.0109,0.4410,0.4745,0.0333,0.0056,2.186e-09,+++++++,51.7,12.432,6,0.053
rs11508026,t,c,0.4400,0.0143,0.4207,0.4579,0.0331,0.0057,5.453e-09,+++++++,51.7,12.419,6,0.05325
rs1800775,a,c,0.5078,0.0356,0.4394,0.5567,0.0323,0.0058,2.503e-08,+++++++,43.0,10.532,6,0.104
