MarkerName,Allele1,Allele2,Freq1,FreqSE,MinFreq,MaxFreq,Effect,StdErr,P-value,Direction,HetISq,HetChiSq,HetDf,HetPVal
rs6078866,a,g,0.6723,0.0220,0.6101,0.6978,0.0294,0.0047,5.004e-10,+++++++,14.0,6.975,6,0.3232
rs3843765,a,g,0.6741,0.0087,0.6633,0.6811,-0.0415,0.0066,2.302e-10,-???-??,75.1,4.009,1,0.04526
rs13037956,a,c,0.3274,0.0226,0.2954,0.3899,-0.0296,0.0047,3.769e-10,-------,20.7,7.563,6,0.2719
rs6041737,t,c,0.5919,0.0250,0.5212,0.6235,0.0283,0.0046,6.808e-10,+++++++,0.0,1.810,6,0.9363
rs2876240,a,g,0.3233,0.0258,0.2877,0.3899,-0.0297,0.0048,5.221e-10,-------,23.4,7.829,6,0.2509
rs3910135,t,c,0.6734,0.0224,0.6101,0.7003,0.0299,0.0047,2.743e-10,+++++++,20.1,7.510,6,0.2762
rs3848751,t,g,0.6766,0.0257,0.6101,0.7129,0.0296,0.0048,6.422e-10,+++++++,20.3,7.525,6,0.275
rs433279,t,c,0.0826,0.0117,0.0655,0.0967,0.0526,0.0091,8.065e-09,+++++++,0.0,3.527,6,0.7404
rs4814177,c,g,0.7758,0.0103,0.7581,0.7948,0.0317,0.0055,6.674e-09,+++++++,25.4,8.038,6,0.2353
rs6078856,a,g,0.3229,0.0261,0.2852,0.3899,-0.0295,0.0048,7.253e-10,-------,19.6,7.461,6,0.2803
rs2327451,a,c,0.6709,0.0169,0.6392,0.7114,-0.0435,0.0048,2.039e-19,-------,29.5,8.507,6,0.2032
rs6041744,a,c,0.7757,0.0104,0.7579,0.7948,0.0310,0.0055,1.325e-08,+++++++,25.6,8.061,6,0.2336
rs3848752,t,c,0.6758,0.0257,0.6101,0.7116,0.0291,0.0048,1.265e-09,+++++++,25.0,8.002,6,0.2379
rs4814176,t,c,0.3704,0.0195,0.3329,0.4113,0.0439,0.0046,3.463e-21,+++++++,56.6,13.813,6,0.0318
rs3848753,a,g,0.3278,0.0221,0.2997,0.3899,-0.0296,0.0047,3.523e-10,-------,17.5,7.271,6,0.2965
rs168622,t,g,0.3703,0.0189,0.3406,0.4105,0.0433,0.0046,1.006e-20,+++++++,46.2,11.143,6,0.08404
rs4508668,t,c,0.3287,0.0165,0.2886,0.3590,0.0434,0.0048,2.424e-19,+++++++,24.6,7.959,6,0.2411
rs6074536,a,g,0.3231,0.0261,0.2853,0.3899,-0.0297,0.0048,5.246e-10,-------,23.3,7.827,6,0.251
rs680379,a,g,0.3650,0.0282,0.3057,0.4107,0.0441,0.0046,1.68e-21,+++++++,48.9,11.747,6,0.06785
rs364585,a,g,0.3707,0.0180,0.3406,0.4090,0.0433,0.0046,7.202e-21,+++++++,46.3,11.181,6,0.08294
rs2327450,t,g,0.2684,0.0107,0.2492,0.2855,-0.0308,0.0051,1.505e-09,-------,0.0,2.217,6,0.8987
rs6041755,t,c,0.3680,0.0228,0.3454,0.4235,-0.0327,0.0047,2.13e-12,-------,0.0,4.270,6,0.6402
rs3903703,a,g,0.3290,0.0166,0.2886,0.3596,0.0433,0.0048,3.677e-19,+++++++,27.8,8.307,6,0.2165
